{"_step":11,"val/loss":10.82292652130127,"_wandb":{"runtime":6},"_runtime":6,"train/loss":10.799116134643555,"lr":2.9999999999999997e-06,"iteration":9,"_timestamp":1.7673376280752482e+09}