{"_runtime":12,"iteration":19,"_timestamp":1.7673374212219672e+09,"_step":20,"train/loss":10.362907409667969,"lr":5.9999999999999995e-05,"val/loss":10.816639804840088,"_wandb":{"runtime":12}}